"sample","Kracken_Unclassified","Kracken_Bacteria","Kracken_Mycobacterium","Kracken_MTBC","Kracken_M.tuberculosis","human","Kracken_Bacteria_Myco_Ratio","Kracken_Myco_MTBC_Ratio","Bacterial_Contamination","Mycobacterial_Contamination"
"DRR099683",0.03,99.71,99.56,29.28,15.25,"0",1.00150662915321,3.40027314206717,"no","no"
"DRR099684",0.16,99.41,99.11,30.27,15.52,"0.01",1.00302693973336,3.27419880164523,"no","no"
"DRR099685",0.16,99.16,98.79,30.46,15.72,"0.01",1.00374531831415,3.24326978846783,"no","no"
"DRR099686",0.13,99.34,99.02,30.04,15.36,"0.01",1.00323167033699,3.29627156137578,"no","no"
"DRR099687",0.15,99.35,99.07,30.17,15.59,"0.01",1.00282628441681,3.28372547949203,"no","no"
"DRR099688",0.08,99.79,99.5,29.02,15.01,"0",1.00291457283503,3.4286697991499,"no","no"
"DRR099689",1.58,98.06,77.06,22.92,11.79,"0.01",1.27251491989988,3.36212904179193,"Possible contamination","no"
"DRR099690",0.13,99.36,99.07,29.86,15.37,"0.01",1.00292722314599,3.31781639926938,"no","no"
"DRR099691",0.15,99.35,99.04,29.59,15.13,"0.01",1.00313004843366,3.34707663578653,"no","no"
"DRR099693",0.03,99.8,99.61,28,14.52,"0",1.001907438993,3.55749990866072,"no","no"
"DRR099694",0.14,99.36,99.08,30.02,15.35,"0.01",1.00282599916405,3.3004662791317,"no","no"
"ERR3256109",0.03,99.96,99.89,29.01,15.51,"0",1.00070077084092,3.44329533115149,"no","no"
"ERR3256110",0.04,99.95,99.91,28.38,15.36,"0",1.00040036032028,3.52043683860335,"no","no"
"ERR3256111",0.02,99.97,99.92,29.6,16.06,"0",1.00050040031525,3.37567559541636,"no","no"
"ERR3256112",0.09,99.91,99.79,25.47,13.41,"0",1.00120252529109,3.91794256309609,"no","no"
"ERR3256113",0.03,99.97,99.89,28.4,14.85,"0",1.00080088096105,3.51725343249108,"no","no"
"ERR3256114",0.08,99.92,99.82,25.26,13.54,"0",1.00100180323581,3.95170217926753,"no","no"
"ERR3256115",0.05,99.95,99.88,25.16,13.21,"0",1.00070084100219,3.9697932046982,"no","no"
"ERR3256116",0.05,99.93,99.89,26.5,13.36,"0.01",1.00040044048052,3.76943385775721,"no","no"
"ERR3256117",0.02,99.98,99.94,29.55,15.98,"0",1.00040024014008,3.38206421718903,"no","no"
"ERR3256118",0.03,99.96,99.92,29.53,16.08,"0",1.0004003202522,3.38367753526321,"no","no"
"ERR3256119",0.04,99.96,99.9,26.4,14.04,"0",1.00060060059459,3.78409080363292,"no","no"
"ERR3256120",0.03,99.97,99.91,29.32,15.88,"0",1.00060054048043,3.40757154135158,"no","no"
"ERR3256121",0.02,99.98,99.93,29.69,16.17,"0",1.00050035024016,3.36577964413002,"no","no"
"ERR3256122",0.03,99.97,99.91,29.24,15.67,"0",1.00060054048043,3.41689458218555,"no","no"
"ERR3256123",0.03,99.97,99.92,29.63,16.09,"0",1.00050040031525,3.37225776671422,"no","no"
"ERR3256125",0.04,99.96,99.87,28.96,15.49,"0",1.00090117151396,3.44854963920754,"no","no"
"ERR3256126",0.04,99.96,99.88,25.33,13.14,"0",1.00080096114536,3.94315029833595,"no","no"
"ERR3256127",0.05,99.94,99.86,25.35,13.16,"0",1.00080112156218,3.93925037714989,"no","no"
"ERR3256128",0.07,99.93,99.85,24.83,12.84,"0",1.00080120179468,4.02134502531836,"no","no"
"ERR3256129",0.04,99.96,99.91,29.47,15.96,"0",1.00050045040036,3.39022726874017,"no","no"
"ERR3256130",0.02,99.98,99.94,27.78,14.41,"0",1.00040024014008,3.59755210231994,"no","no"
"ERR3256131",0.03,99.97,99.9,27.93,14.53,"0",1.00070070069369,3.57679904844973,"no","no"
"ERR3256132",0.04,99.95,99.9,27.8,14.54,"0",1.00050050049549,3.59352508656385,"no","no"
"ERR3256133",0.02,99.97,99.93,29.53,15.89,"0",1.00040028019213,3.38401617392427,"no","no"
"ERR3256134",0.03,99.97,99.91,28.03,14.78,"0",1.00060054048043,3.56439519927238,"no","no"
"ERR3256135",0.02,99.98,99.92,28.21,14.84,"0",1.0006004803783,3.54200629060594,"no","no"
"ERR3256136",0.03,99.96,99.91,29.19,15.81,"0",1.00050045040036,3.42274743327347,"no","no"
"ERR3256137",0.04,99.95,99.9,27.69,14.63,"0",1.00050050049549,3.60780055587575,"no","no"
"ERR3256138",0.01,99.99,99.88,19.69,10.13,"0",1.00110132157488,5.07262549148677,"no","no"
"ERR3256139",0.02,99.98,99.93,29.26,15.75,"0",1.00050035024016,3.41524256954058,"no","no"
"ERR3256140",0.03,99.96,97.48,20.85,11.3,"0.01",1.0254411158654,4.67529958391848,"Possible contamination","no"
"ERR3256141",0.03,99.97,99.92,29.02,15.46,"0",1.00050040031525,3.44314257604609,"no","no"
"ERR3256142",0.03,99.97,99.93,28.36,15.23,"0",1.00040028019213,3.52362473470999,"no","no"
"ERR3256143",0.03,99.97,99.92,28.45,15.32,"0",1.00050040031525,3.51212644948589,"no","no"
"ERR3256144",0.06,99.94,99.87,27.01,14.27,"0",1.00070091117752,3.69751933737433,"no","no"
"ERR3256145",0.03,99.97,99.91,28.46,14.83,"0",1.00060054048043,3.51054102211732,"no","no"
"ERR3256146",0.03,99.97,99.89,28.98,15.47,"0",1.00080088096105,3.44685981894894,"no","no"
"ERR3256147",0.03,99.96,99.91,29.05,15.61,"0",1.00050045040036,3.43924260105877,"no","no"
"ERR3256148",0.06,99.94,99.6,28.57,15.3,"0",1.0034136545842,3.48617422169499,"no","no"
"ERR3256149",0.02,99.97,99.93,29.4,16.07,"0",1.00040028019213,3.39897951023879,"no","no"
"ERR3256150",0.04,99.93,99.51,28.62,15.23,"0",1.00422068129614,3.47693911680856,"no","no"
"ERR3256151",0.05,99.94,99.59,27.99,14.52,"0",1.00351440904193,3.55805635733989,"no","no"
"ERR3256152",0.04,99.94,99.73,28.65,15.28,"0",1.00210568532933,3.48097722579486,"no","no"
"ERR3256153",0.06,99.93,99.47,27.49,14.23,"0",1.00462450985599,3.61840659809361,"no","no"
"ERR3256154",0.05,99.94,99.71,27.71,14.37,"0",1.00230668937612,3.59833985570769,"no","no"
"ERR3256155",0.05,99.94,99.67,28.72,15.27,"0",1.00270893947317,3.4704038137046,"no","no"
"ERR3256156",0.04,99.96,99.85,28.49,15.42,"0",1.00110165246769,3.5047384168221,"no","no"
"ERR3256157",0.03,99.97,99.92,29.18,15.6,"0",1.00050040031525,3.42426311088886,"no","no"
"ERR3256158",0.02,99.97,99.93,29.26,15.83,"0",1.00040028019213,3.41524256954058,"no","no"
"ERR3256159",0.09,99.9,99.7,27.84,14.95,"0",1.00200601803404,3.58117806820481,"no","no"
"ERR3256160",0.05,99.94,99.83,29,16.01,"0",1.00110187317338,3.44241370888229,"no","no"
"ERR3256161",0.01,99.98,99.89,19.92,10.49,"0",1.00090099108118,5.01455803139769,"no","no"
"ERR3256162",0.08,99.9,99.67,28.19,15.2,"0",1.00230761510678,3.53565085010107,"no","no"
"ERR3256163",0.07,99.92,99.81,28.44,15.63,"0",1.00110209396752,3.5094935826479,"no","no"
"ERR3256164",0.05,99.94,99.86,27.22,14.45,"0",1.00080112156218,3.66862591224739,"no","no"
"ERR3256165",0.05,99.94,99.83,28.52,15.47,"0",1.00110187317338,3.50035054346597,"no","no"
"ERR3256166",0.05,99.93,99.77,29.09,15.87,"0",1.00160368846744,3.42970084463043,"no","no"
"ERR3256167",0.03,99.97,99.91,29.19,15.61,"0",1.00060054048043,3.42274743327347,"no","no"
"ERR3256168",0.06,99.92,99.81,28.66,15.57,"0",1.00110209396752,3.48255399572387,"no","no"
"ERR3256169",0.03,99.96,99.7,29.26,15.8,"0",1.00260782344425,3.40738200931709,"no","no"
"ERR3256170",0.05,99.94,99.87,28.06,15.06,"0",1.00070091117752,3.55915885391451,"no","no"
"ERR3256171",0.06,99.93,99.77,28.33,15.24,"0",1.00160368846744,3.52170834727468,"no","no"
"ERR3256172",0.08,99.91,99.68,28.05,15.07,"0",1.00230738360446,3.55365409790894,"no","no"
"ERR3256173",0.03,99.96,99.9,28.3,15.14,"0",1.00060060059459,3.53003524628851,"no","no"
"ERR3256174",0.04,99.95,99.83,29.05,15.85,"0",1.00120204346186,3.43648872852018,"no","no"
"ERR3256175",0.06,99.92,99.77,28.83,15.62,"0.01",1.00150345793822,3.46063120150429,"no","no"
"ERR3256176",0.05,99.93,99.81,28.17,15.07,"0",1.0012022843282,3.54313090013735,"no","no"
"ERR3256177",0.04,99.96,99.87,27.72,14.59,"0",1.00090117151396,3.60281375891725,"no","no"
"ERR3256178",0.04,99.96,99.89,27.7,14.56,"0",1.00070077084092,3.60613709003115,"no","no"
"ERR3256179",0.07,99.92,99.73,28.57,15.46,"0",1.0019051438694,3.4907244490471,"no","no"
"ERR3256180",0.03,99.96,99.89,28.6,15.42,"0",1.00070077084092,3.49265725550149,"no","no"
"ERR3256181",1.01,98.97,95.96,18.71,9.67,"0.02",1.0313672360216,5.128807903324,"Possible contamination","no"
"ERR3256182",0.05,99.95,99.87,27.29,14.5,"0",1.00080104134574,3.65958216710948,"no","no"
"ERR3256183",0.02,99.97,99.92,28.48,15.45,"0",1.00050040031525,3.50842687821535,"no","no"
"ERR3256184",0.03,99.96,99.9,28.68,15.53,"0",1.00060060059459,3.48326351174116,"no","no"
"ERR3256185",0.05,99.94,99.81,28.68,15.49,"0",1.00130247468888,3.48012543653677,"no","no"
"ERR3256186",0.05,99.95,99.83,26.64,13.77,"0",1.00120204346186,3.74737226924278,"no","no"
"ERR3256187",0.06,99.93,99.81,28.75,15.47,"0",1.0012022843282,3.47165208794254,"no","no"
"ERR3256188",0.06,99.93,99.83,28.69,15.67,"0",1.00100170288489,3.47960953364902,"no","no"
"ERR3256189",0.04,99.96,99.89,26.71,13.76,"0",1.00070077084092,3.73979772595291,"no","no"
"ERR3256190",0.06,99.93,99.77,28.8,15.71,"0",1.00160368846744,3.46423602554736,"no","no"
"ERR3256191",0.15,99.85,99.74,26.42,12.99,"not detected",1.00110286744433,3.77517022047047,"no","no"
"ERR3256192",0.03,99.96,99.86,27.52,14.61,"0",1.00100140195272,3.62863362541302,"no","no"
"ERR3256193",0.06,99.94,99.85,28.9,15.88,"0",1.00090135201902,3.45501721608937,"no","no"
"ERR3256194",0.05,99.94,99.86,28.83,15.84,"0",1.00080112156218,3.46375294957499,"no","no"
"ERR3256195",0.02,99.97,99.96,29.14,15.62,"0",1.00010004001501,3.43033622407906,"no","no"
"ERR3256197",0.06,99.94,99.82,26.52,13.68,"0",1.00120216388297,3.76395163031857,"no","no"
"ERR3256198",0.04,99.95,99.89,27.35,14.47,"0",1.00060066072079,3.65228509498044,"no","no"
"ERR3256199",0.05,99.93,99.86,27.95,14.87,"0",1.0007009813669,3.57280849471168,"no","no"
"ERR3256200",0.03,99.97,99.92,28.23,15.18,"0",1.00050040031525,3.53949689906139,"no","no"
"ERR3256201",0.03,99.96,99.89,28.41,15.36,"0.01",1.00070077084092,3.51601539894349,"no","no"
"ERR3256202",0.03,99.96,99.9,28.2,15.23,"0",1.00060060059459,3.5425531013279,"no","no"
"ERR3256203",0.03,99.96,99.9,26.45,13.68,"0",1.00060060059459,3.77693751315926,"no","no"
"ERR3256204",0.02,99.98,99.92,28.71,15.53,"0",1.0006004803783,3.48032035944548,"no","no"
"ERR3256205",0.08,99.92,99.73,27.05,14.17,"0",1.0019051438694,3.68687605593804,"no","no"
"ERR3256206",0.05,99.94,99.86,28.5,15.46,"0",1.00080112156218,3.50385956126809,"no","no"
"ERR3256207",0.04,99.95,99.87,27.37,14.46,"0",1.00080104134574,3.64888554443239,"no","no"
"ERR3256209",0.05,99.95,99.84,26.44,13.68,"0",1.00110176280948,3.77609671799937,"no","no"
"ERR3256210",0.04,99.95,99.87,27.14,14.35,"0",1.00080104134574,3.67980830214413,"no","no"
"ERR3256211",0.05,99.94,99.87,28.26,15.2,"0.01",1.00070091117752,3.53397018634217,"no","no"
"ERR3256212",0.06,99.91,99.4,27.83,14.95,"0.01",1.00513078465663,3.57168513935734,"no","no"
"ERR3256213",0.04,99.95,99.88,27.74,14.84,"0",1.00070084100219,3.60057669067856,"no","no"
"ERR3256214",0.06,99.92,99.66,27.38,14.61,"0",1.00260887013236,3.63988302995314,"no","no"
"ERR3256215",0.06,99.93,99.85,27.15,14.33,"0",1.00080120179468,3.67771629179682,"no","no"
"ERR3256216",0.07,99.92,99.77,26.82,14.06,"0",1.00150345793822,3.7199849843406,"no","no"
"ERR3256217",0.05,99.93,99.84,27.83,14.66,"0",1.00090144229866,3.58749541546908,"no","no"
"ERR3256218",0.08,99.91,99.57,25.45,13.06,"0",1.0034146831032,3.91237709578086,"no","no"
"ERR3256219",0.09,99.89,99.62,26.39,13.79,"0",1.00271029910951,3.77491463528175,"no","no"
"ERR3256220",0.08,99.91,99.69,26.58,13.88,"0",1.00220684118561,3.7505642306033,"no","no"
"ERR3256221",0.06,99.91,99.73,26.99,14.28,"0",1.00180487313943,3.69507214912663,"no","no"
"ERR3256222",0.04,99.95,99.89,28.89,15.74,"0",1.00060066072079,3.45759769963317,"no","no"
"ERR3256223",0.05,99.93,99.8,26.5,13.76,"0",1.00130260519737,3.76603763147028,"no","no"
"ERR3256224",0.05,99.95,99.87,27.36,14.66,"0",1.00080104134574,3.65021920138088,"no","no"
"ERR3256225",0.06,99.93,99.8,26.31,13.47,"0",1.00130260519737,3.79323440542629,"no","no"
"ERR3256226",0.07,99.91,99.56,26.06,13.39,"0",1.00351546802415,3.8204143200148,"no","no"
"ERR3256227",0.05,99.95,99.86,27.3,14.48,"0",1.00090126175745,3.65787536051739,"no","no"
"ERR3256228",0.04,99.95,99.85,26.94,14.12,"0",1.00100150224335,3.70638445781795,"no","no"
"ERR3256229",0.01,99.76,99.56,22.9,10.93,"0.22",1.00200883887094,4.34759810709179,"no","no"
"ERR3256230",0.03,99.96,99.82,27.1,14.25,"0",1.00140252453013,3.68339473493008,"no","no"
"ERR3256231",0.02,99.98,99.86,20.09,10.45,"0",1.00120168234326,4.97063195765894,"no","no"
"ERR3256232",0.05,99.93,99.74,26.77,14.04,"0",1.00190495285838,3.72581237482957,"no","no"
"ERR3256233",0.04,99.96,99.91,27.78,14.77,"0",1.00050045040036,3.5964721887519,"no","no"
"ERR3256234",0.06,99.92,99.72,25.9,13.3,"0",1.00200561570391,3.85019294014699,"no","no"
"ERR3256235",0.07,99.92,99.7,26.63,13.88,"0",1.00220661983745,3.74389775651905,"no","no"
"ERR3256236",0.05,99.95,99.85,25.84,13.11,"0",1.00100150224335,3.86416397584505,"no","no"
"ERR3256237",0.04,99.96,99.92,27.64,14.79,"0",1.0004003202522,3.61505055661901,"no","no"
"ERR3256238",0.02,99.97,99.94,26.85,14.1,"0.01",1.00030018010506,3.7221600475918,"no","no"
"ERR3256239",0.02,99.97,99.94,26.89,14.09,"0",1.00030018010506,3.71662317900248,"no","no"
"ERR3256240",0.05,99.94,99.88,26.37,13.48,"0",1.00060072085902,3.7876373611059,"no","no"
"ERR3256241",0.29,99.71,99.64,25.88,13.48,"0",1.00070252909773,3.85007716962608,"no","no"
"ERR3256242",0.07,99.92,99.84,27.08,14.28,"0",1.00080128204326,3.68685366739831,"no","no"
"ERR3256243",0.04,99.95,99.87,26.86,13.99,"0",1.00080104134574,3.71816817877259,"no","no"
"ERR3256244",0.02,99.98,99.95,27.05,14.15,"0",1.00030015007203,3.69500914251353,"no","no"
"ERR3256245",0.06,99.93,99.85,26.2,13.33,"0",1.00080120179468,3.81106859499738,"no","no"
"ERR3256246",0.03,99.96,99.93,26.74,13.99,"0",1.0003002101441,3.7370978781938,"no","no"
"ERR3256247",0.03,99.96,99.83,26.32,13.44,"0",1.00130221375035,3.79293302458461,"no","no"
"ERR3256248",0.04,99.94,99.82,26.86,14.09,"0",1.00120216388297,3.71630667474659,"no","no"
"ERR3256249",0.02,99.97,99.91,28.51,15.47,"0",1.00060054048043,3.5043843386747,"no","no"
"ERR3256250",0.04,99.95,99.87,26.84,14.05,"0",1.00080104134574,3.72093879579215,"no","no"
"ERR3256251",0.03,99.96,99.89,27.69,14.69,"0",1.00070077084092,3.60743941468258,"no","no"
"ERR3256252",0.02,99.98,99.95,26.92,13.92,"0",1.00030015007203,3.71285279669938,"no","no"
"ERR3256253",0.03,99.96,99.87,27.12,14.31,"0",1.00090117151396,3.68252202498075,"no","no"
"ERR3256254",0.02,99.95,99.92,27.01,14.12,"0.02",1.00030024018915,3.69937050354052,"no","no"
"ERR3256255",0.03,99.97,99.94,26.53,13.69,"0",1.00030018010506,3.76705605853539,"no","no"
"ERR3256256",0.02,99.98,99.95,26.49,13.77,"0",1.00030015007203,3.77312182811922,"no","no"
"ERR3256257",0.03,99.96,99.89,28.14,15.21,"0",1.00070077084092,3.5497511531716,"no","no"
"ERR3256258",0.02,99.98,99.95,27.29,14.39,"0",1.00030015007203,3.66251364373347,"no","no"
"ERR3256259",0.02,99.97,99.93,26.35,13.6,"0",1.00040028019213,3.79240976119887,"no","no"
"ERR3256260",0.03,99.96,99.85,28.59,15.45,"0",1.00110165246769,3.49247980089263,"no","no"
"ERR3256261",0.05,99.95,99.78,28.5,15.06,"0",1.00170374822907,3.50105254382272,"no","no"
"ERR3256262",0.02,99.97,99.89,27.6,14.38,"0",1.00080088096105,3.61920280365207,"no","no"
"ERR3256263",0.02,99.97,99.95,26.29,13.56,"0",1.00020010004802,3.80182568269967,"no","no"
"ERR3256265",0.06,99.94,99.83,25.85,13.65,"0",1.00110187317338,3.86189544054563,"no","no"
"ERR3256266",0.04,99.95,99.88,28.35,15.13,"0",1.00070084100219,3.52310396743901,"no","no"
"ERR3256267",0.01,99.99,99.87,21.23,10.4,"0",1.00120156201861,4.70419200639699,"no","no"
"ERR3256268",0.04,99.96,99.91,29.15,15.59,"0",1.00050045040036,3.42744417058511,"no","no"
"ERR3256269",0.05,99.95,99.89,28.28,14.77,"0",1.00060066072079,3.53217812828224,"no","no"
"ERR3256270",0.04,99.95,99.87,26.36,13.98,"0",1.00080104134574,3.78869488662007,"no","no"
"ERR3256271",0.01,99.88,99.77,20.6,10.77,"0.1",1.00110253582136,4.84320369693186,"no","no"
"ERR3256272",0.02,99.97,99.88,28.8,15.7,"0",1.00090108128854,3.46805546985918,"no","no"
"ERR3256274",0.07,99.92,99.81,27.9,14.61,"0",1.00110209396752,3.57741926245809,"no","no"
"ERR3256275",0.04,99.94,99.86,28.33,15.14,"0.01",1.00080112156218,3.52488519149717,"no","no"
"ERR3256276",0.05,99.95,99.88,28.58,15.13,"0",1.00070084100219,3.49475148723753,"no","no"
"ERR3256278",0.07,99.92,99.77,25.6,13.56,"0",1.00150345793822,3.89726551182557,"no","no"
"ERR3256279",0.07,99.93,99.83,25.77,13.61,"0",1.00100170288489,3.87388425014031,"no","no"
"ERR3256280",0.04,99.95,99.59,28.75,15.62,"0",1.00361482072884,3.46399991429566,"no","no"
"ERR3256281",0.03,99.96,99.88,28.63,15.36,"0",1.00080096114536,3.48864818411987,"no","no"
"ERR3256282",0.03,99.97,99.9,28.65,15.46,"0",1.00070070069369,3.48691090796122,"no","no"
"ERR3256283",0.03,99.97,99.87,28.02,14.71,"0",1.00100130168217,3.56423973717917,"no","no"
"ERR3256284",0.03,99.96,99.91,28.8,15.29,"0",1.00050045040036,3.46909713648968,"no","no"
"ERR3256285",0.03,99.96,99.92,28.84,15.39,"0",1.0004003202522,3.4646323694649,"no","no"
"ERR3256286",0.16,99.83,99.69,28.54,15.38,"0",1.00140435348175,3.49299220416986,"no","no"
"ERR3439362",0.74,96.52,91.4,13.68,8.94,"0.01",1.05601750485758,6.68128613440891,"Possible contamination","no"
"ERR3439363",0.03,99.65,98.98,11.6,6.91,"0",1.00676904418298,8.53275797131397,"no","no"
"ERR3439364",0.03,98.58,97.05,12.08,7.4,"0",1.01576506938933,8.03393981507121,"no","no"
"ERR3439365",0.04,99.15,97.39,13.08,8.13,"0",1.01807167041717,7.44571816164234,"no","no"
"ERR3439366",0.06,97.36,96.81,15.04,9.88,"0.01",1.00568123121908,6.43683474489131,"no","no"
"ERR3439367",0.04,98.54,97.31,14.34,9.33,"0",1.0126400163124,6.78591312511066,"no","no"
"ERR3439368",0.04,97.16,95.22,14.21,9.27,"0",1.02037387082153,6.70091444750778,"no","no"
"ERR3439369",0.05,99.03,98.03,17.63,12.57,"0",1.01020095878608,5.56040813610844,"no","no"
"ERR3439370",0.02,99.04,97.46,12.65,7.71,"0",1.01621177902512,7.70434729609903,"no","no"
"ERR3439371",0.05,96.41,95.75,16.08,11.09,"0",1.00689295031966,5.95460168192776,"no","no"
"ERR3439372",0.03,98.8,95.84,13.6,8.74,"0",1.0308848076911,7.04705837889277,"Possible contamination","no"
"ERR3439373",0.05,98.67,95.4,14.75,10.03,"0",1.03427672920045,6.46779623947144,"Possible contamination","no"
"ERR3439374",0.07,98.92,97.09,20.7,15.34,"0",1.01884849089661,4.69033798597401,"no","no"
"ERR3439375",0.11,96.93,96.23,15.41,10.46,"0.01",1.00727423872728,6.24464599320922,"no","no"
"ERR3439376",0.07,98.74,96.89,16.56,11.37,"0.01",1.01909381753438,5.85084511770259,"no","no"
"ERR3439377",0.09,98.59,97.22,14.67,9.68,"0.01",1.01409175052364,6.62712981410158,"no","no"
"ERR3439378",0.09,95.45,94.57,17.19,12.3,"0.01",1.00930527641636,5.50145407205037,"no","no"
"ERR3439379",0.05,96.12,93.01,14.51,9.55,"0.01",1.03343726445073,6.41006165333827,"Possible contamination","no"
"ERR3439380",0.03,98.4,98.07,12.77,8.1,"0",1.00336494337346,7.67971756619283,"no","no"
"ERR3439382",0.03,99.14,98.23,16.33,11.02,"0",1.00926397221558,6.01530893966265,"no","no"
"ERR3439383",0.05,97.83,97.37,15.55,10.3,"0.02",1.00472424766638,6.26173599602984,"no","no"
"ERR3439384",0.07,98.48,96.73,16.31,10.99,"0.01",1.01809159497476,5.9307170490057,"no","no"
"ERR3439385",0.04,98.24,97.9,15.43,10.26,"0.01",1.00347293152734,6.34478254408409,"no","no"
"ERR3439386",0.06,98.52,96.96,16.85,11.51,"0",1.01608910874496,5.7543023884687,"no","no"
"ERR3439387",0.33,97.03,89.09,19.72,14.93,"0.02",1.08912335740124,4.51774830031702,"Possible contamination","no"
"ERR3439388",0.06,98.77,96.44,17.53,12.28,"0",1.02416009929324,5.50142586985591,"no","no"
"ERR3439389",0.05,97.6,95.5,15.06,9.97,"0.01",1.02198952856555,6.3413011061553,"no","no"
"ERR3439390",0.07,99.02,96.86,15.13,10.31,"0.01",1.02230022690171,6.40185027086251,"no","no"
"ERR3439391",0.17,98.52,97.26,18.08,13.05,"0",1.01295496593713,5.37942453653625,"no","no"
"ERR3439392",0.03,97.76,95.96,13.87,8.92,"0",1.01875781556109,6.9185287729972,"no","no"
"ERR3439393",0.12,98.39,95.38,14.21,9.08,"0.08",1.031557978281,6.71217412299971,"Possible contamination","no"
"ERR3439394",0.06,98.91,97.66,15.54,10.33,"0",1.01279950836781,6.28442694437407,"no","no"
"ERR3439395",0.04,98.16,96.31,14.82,9.64,"0.01",1.01920880470139,6.49865010130566,"no","no"
"ERR3439396",0.06,97.57,94.53,15.05,10.06,"0.02",1.03215910259009,6.28106277202241,"Possible contamination","no"
"ERR3439397",0.08,98.14,94.47,15,9.91,"0.1",1.0388483112221,6.29799964680002,"Possible contamination","no"
"ERR3439398",0.15,97.51,93.9,15.55,10.47,"0.01",1.03844515401017,6.03858488497846,"Possible contamination","no"
"ERR3439462",0.05,53.62,46.8,7.31,4.84,"0",1.14572649261268,6.40218804347633,"Possible contamination","no"
"ERR3439463",0.04,99.37,98.54,14.07,9.16,"0",1.00842297535597,7.00355323357831,"no","no"
"ERR3439464",0.04,97.91,95.98,12.56,7.95,"0",1.02010835569797,7.64171921642363,"no","no"
"ERR3439465",0.04,97.82,95.97,13,8.38,"0",1.01927685715039,7.38230720136098,"no","no"
"ERR3439466",0.04,96.74,92.66,11.65,6.97,"0",1.04403194426903,7.95364747178992,"Possible contamination","no"
"ERR3439467",0.75,95.34,93.01,14.31,9.53,"0",1.02505106950811,6.49965020966805,"Possible contamination","no"
"ERR3439468",0.04,98.13,93.92,12.67,8.11,"0",1.04482538282767,7.41278560277935,"Possible contamination","no"
"ERR3439469",0.05,98.95,95.76,12.88,8.24,"0",1.03331244743826,7.43478210910077,"Possible contamination","no"
"ERR3439470",1.95,95.73,77.82,14.73,10.52,"0.01",1.23014648894697,5.28309543224064,"Possible contamination","no"
"ERR3439471",0.06,97.17,96.54,14.63,9.8,"0",1.00652579235005,6.59876926871023,"no","no"
"ERR3439472",0.05,98.71,96.65,12.59,7.85,"0",1.02131401943803,7.67672703123693,"no","no"
"ERR3439473",0.07,98.29,95.96,17.13,11.92,"0",1.02428095014297,5.60186779907368,"no","no"
"ERR3439474",0.04,15.48,5.37,0.56,0.3,"0.01",2.88268121365341,9.5892703763029,"Possible contamination","no"
"ERR3439475",0.11,95.2,93.4,21.17,16.17,"3.39",1.0192719484018,4.41190347605557,"no","no"
"ERR3439476",0.05,87.01,85.36,12.68,8.22,"0",1.01932989668077,6.73186074669868,"no","no"
"ERR3439477",0.06,98.49,96.38,14.08,9.28,"0.01",1.02189250859211,6.84517003940554,"no","no"
"ERR3439478",0.04,98.68,97.31,13.39,8.49,"0",1.01407871735609,7.26736323619393,"no","no"
"ERR3439479",0.08,96.61,95.91,16.12,11.02,"0",1.00729850894277,5.94975155398563,"no","no"
"ERR3439480",0.11,97.66,95.03,20.8,15.81,"0.01",1.0276754706127,4.56874982842549,"Possible contamination","no"
"ERR3439481",0.1,95.38,94.49,17.24,12.34,"0.01",1.00941898603642,5.48085820876693,"no","no"
"ERR3439482",0.11,98.13,95.85,27.03,22.22,"0.01",1.02378716720097,3.54605983921347,"no","no"
"ERR3439483",0.03,98.79,95.39,12.25,7.73,"0",1.03564314880341,7.78693822147443,"Possible contamination","no"
"ERR3439484",0.09,98.95,95.83,20.34,15.53,"0",1.03255765383953,4.71140591389351,"Possible contamination","no"
"ERR3439485",0.06,98.61,96.74,16.87,11.89,"0",1.01933016312456,5.73443955338236,"no","no"
"ERR3439486",0.18,98.86,96.45,14.35,9.33,"0.01",1.02498703965799,6.72125395670704,"no","no"
"ERR3439487",0.11,96.92,94.41,17.13,12.25,"0.01",1.02658616643802,5.51138327429169,"Possible contamination","no"
"ERR3439488",0.07,98.97,97.74,19.73,14.5,"0.01",1.01258440748328,4.95387714374672,"no","no"
"ERR3439489",16.81,81.05,42.6,6.14,3.93,"0.01",1.90258213843704,6.93810978206681,"Possible contamination","no"
"ERR3439490",0.05,92.41,85.11,12.66,8.23,"0",1.08577135370965,6.72274836313204,"Possible contamination","no"
"ERR3439491",0.05,96.66,92.74,14.17,9.43,"0",1.04226870776074,6.54481259387349,"Possible contamination","no"
"ERR3439492",0.09,98.39,95.34,20.35,15.55,"0",1.03199076954069,4.68501210393061,"Possible contamination","no"
"ERR3439493",1.73,92.05,81.74,13.13,8.86,"0",1.1261316353544,6.22543753043126,"Possible contamination","no"
"ERR3439494",0.13,95.54,88.99,14.52,9.75,"0.01",1.07360377487803,6.1287875255656,"Possible contamination","no"
"ERR3439495",0.1,97.62,89.93,15.44,10.67,"0.01",1.08551095201255,5.82448155281855,"Possible contamination","no"
"ERR3439496",0.08,98,95.26,13.22,8.22,"0.01",1.02876338411964,7.20574839593431,"Possible contamination","no"
"ERR3439497",0.07,98.5,96.29,13.01,7.86,"0.01",1.02295150043669,7.40122933118914,"no","no"
"ERR3439498",0.1,94.02,86.6,23.74,19.3,"0",1.08568129231315,3.64785161550751,"Possible contamination","no"
"ERR3439499",0.11,91.24,85.17,22.78,18.55,"0",1.07126922541659,3.73880584992073,"Possible contamination","no"
"ERR3439500",0.08,86.27,84.43,19.16,14.72,"0",1.02179320121055,4.40657602262129,"no","no"
"ERR3439501",0.08,69,43.92,6.49,4.14,"0",1.57103823836434,6.76733347190547,"Possible contamination","no"
"ERR3439502",0.07,95.44,91.7,14,9.06,"0.01",1.04078516858468,6.54999960357146,"Possible contamination","no"
"ERR3439503",0.1,61.45,6.57,0.65,0.34,"0.01",9.35311897212801,10.1076782958795,"Possible contamination","no"
"ERR3439504",0.07,62.37,6.53,0.65,0.34,"0.01",9.55130037499228,10.0461399290155,"Possible contamination","no"
"ERR3439505",0.04,98.18,95.73,13.48,8.51,"0",1.02559281285289,7.10163159483445,"Possible contamination","no"
"ERR3439506",0.07,91.92,85.66,14.6,10.06,"0.01",1.07307961623769,5.86712295430665,"Possible contamination","no"
"ERR3439507",0.09,97.01,92.94,16.52,11.59,"0",1.04379169309456,5.62590771029614,"Possible contamination","no"
"ERR3439508",0.22,98.29,95.61,18.09,13.13,"0",1.02803054044524,5.28524022746046,"Possible contamination","no"
"ERR3439510",0.07,99.01,97.68,15.86,10.8,"0.04",1.0136158884765,6.15888996476104,"no","no"
"ERR3439511",0.08,98.1,97.88,15.65,10.52,"0.01",1.00224765016094,6.2543127633027,"no","no"
"ERR3439512",0.61,97.6,95.48,14.23,9.1,"0.1",1.02220360261622,6.70976769432413,"no","no"
"ERR3439513",1.03,97.37,91.53,12.79,7.94,"0.02",1.06380421649946,7.15637168441191,"Possible contamination","no"
"ERR3439514",2.28,96.53,90.69,16.74,11.99,"0.01",1.06439519170366,5.41756246012172,"Possible contamination","no"
"ERR3439515",0.65,97.96,96.95,16.56,11.48,"0.01",1.01041774099621,5.8544683058896,"no","no"
"ERR3439516",0.41,97.25,96.62,24.06,19.18,"0.04",1.0065203890859,4.01579372336684,"no","no"
"ERR3439517",0.15,85.67,85.16,14.45,10.05,"11.75",1.0059887270316,5.89342526689099,"no","no"
"ERR3439518",0.06,98.36,98.11,15.91,10.57,"0",1.00254816020234,6.16656158601121,"no","no"
"ERR3439519",0.08,98.07,97.7,14.94,9.76,"0.01",1.00378710333892,6.53949092774492,"no","no"
"ERR3439520",0.06,98.21,97.99,14.76,9.73,"0",1.00224512703087,6.63888850685037,"no","no"
"ERR3439521",0.08,98.07,97.76,18.19,13.14,"0",1.00317103106413,5.37438128782951,"no","no"
"ERR3439522",13.15,85.15,47.67,6.54,4.05,"0.01",1.78623870807135,7.28898986406883,"Possible contamination","no"
"ERR3439523",0.07,98.45,97.01,15.7,10.61,"0.01",1.01484383037992,6.17898056184837,"no","no"
"ERR3439524",0.07,98.67,97.62,16.64,11.52,"0",1.01075599251428,5.86658624599842,"no","no"
"ERR3439525",0.09,98.48,96.68,14.32,9.28,"0.01",1.01861812144582,6.75139624641088,"no","no"
"ERR3439526",0.03,98.59,97.01,15.5,10.52,"0.01",1.01628698055575,6.25870933814778,"no","no"
"ERR3439527",0.23,97.91,97.29,15.29,10.15,"0",1.00637270010923,6.36298199064866,"no","no"
"ERR3439528",0.06,98.47,98.19,15.78,10.83,"0",1.00285161418829,6.22243312912338,"no","no"
"ERR3439529",0.09,98.09,97.71,17.56,12.27,"0.01",1.00388905942187,5.56435053733767,"no","no"
"ERR3439530",0.06,98.12,97.83,13.92,8.7,"0.01",1.00296432584111,7.02801680833213,"no","no"
"ERR3439531",0.04,97.71,97.42,14.31,9.26,"0",1.00297680144758,6.80782628876127,"no","no"
"ERR3439532",0.04,98.28,98.05,15.7,10.51,"0",1.00234574194446,6.24522259584569,"no","no"
"ERR3439533",0.04,99.33,98.05,15.51,10.53,"0.02",1.01305456386482,6.3217275743567,"no","no"
"ERR3439534",0.03,99.35,98.49,13,8.14,"0",1.00873185086068,7.5761533402959,"no","no"
"ERR3439535",0.09,98.22,94.82,29.8,24.44,"0",1.03585741366951,3.18187912141345,"Possible contamination","no"
"ERR3439536",0.46,97.04,93.55,18.36,13.32,"0.02",1.03730625294168,5.09531568108302,"Possible contamination","no"
"ERR3439537",0.11,98.8,96.76,20.67,15.61,"0.01",1.02108309196896,4.68118027667246,"no","no"
"ERR3439538",0.03,99.59,98.81,14.04,9.21,"0",1.00789393778065,7.0377488577102,"no","no"
"ERR3439539",0.06,98.99,98.87,13.78,8.78,"0",1.00121371496699,7.17489069848398,"no","no"
"ERR3439540",0.04,98.65,98.44,16.01,10.92,"0",1.00213327913314,6.14865676772912,"no","no"
"ERR3439541",0.08,98.88,98.08,13.33,8.6,"0",1.00815660676839,7.3578389829078,"no","no"
"ERR3439542",0.03,98.96,98.8,13.09,8.17,"0",1.00161943318199,7.54774587106601,"no","no"
"ERR3439543",0.1,96.79,96.27,16.94,12.02,"0.01",1.00540147496207,5.68299854291626,"no","no"
"ERR3439544",0.04,97.6,97.3,16.26,11.06,"0",1.00308324765588,5.98400953357875,"no","no"
"ERR3439545",0.06,97.71,97.46,20.12,15.25,"0",1.00256515490904,4.84393619065923,"no","no"
"ERR3439546",0.06,97.86,97.55,24.16,19.14,"0",1.00317785747639,4.03766543718272,"no","no"
"ERR3439547",0.05,98.61,98.4,17.62,12.45,"0",1.00213414631977,5.58456273640393,"no","no"
"ERR3439548",0.04,97.66,97.37,16.47,11.29,"0",1.00297833005055,5.91196084323249,"no","no"
"ERR3439549",0.07,97.06,96.66,18,13.12,"0.01",1.00413821638591,5.36999975722224,"no","no"
"ERR3439550",0.03,97.93,97.68,12.83,7.98,"0",1.00255937753318,7.61340556403698,"no","no"
"ERR3439551",0.09,98.04,97.85,15.7,10.5,"0",1.00194174755297,6.2324837431539,"no","no"
"ERR3439552",0.06,97.23,96.85,25.13,19.72,"0",1.00392359314483,3.85395929749466,"no","no"
"ERR3439553",0.11,98.13,97.82,26.49,21.7,"0",1.00316908604407,3.69271413013537,"no","no"
"ERR3439554",0.06,98.41,98.17,15.41,10.26,"0",1.00244473869365,6.37053826278142,"no","no"
"ERR3439555",0.23,98.23,97.72,16.68,11.58,"0",1.00521899298793,5.85851289817069,"no","no"
"ERR3439556",0.05,98.39,98.13,13.79,8.68,"0",1.00264954649292,7.11602566236217,"no","no"
"ERR3439557",0.03,96.86,96.38,15.91,10.83,"0",1.00498028631479,6.05782494922533,"no","no"
"ERR3439558",0.04,98.23,98.04,14.06,9.07,"0",1.00193798447636,6.97297254815274,"no","no"
"ERR3439559",0.1,97.89,97.48,19.01,13.85,"0.01",1.00420599092936,5.1278272420922,"no","no"
"ERR3439560",0.05,98.65,98.42,18.01,12.69,"0",1.00233692336581,5.46474156220202,"no","no"
"ERR3439561",0.06,98.13,97.82,18.6,13.61,"0",1.00316908604407,5.25913955596024,"no","no"
"ERR3439562",0.03,97.15,96.82,15.53,10.44,"0",1.00340838666176,6.23438472412204,"no","no"
"ERR3439563",0.04,98.36,98.16,16.74,11.53,"0",1.00203748979179,5.8637989926046,"no","no"
"ERR3439564",0.09,97.3,96.78,23.31,18.65,"0.05",1.00537301089716,4.15186601665096,"no","no"
"ERR3439565",0.04,96.13,95.67,12.58,7.48,"0",1.00480819478616,7.60492793283562,"no","no"
"ERR3439566",0.08,97.51,97.11,17.92,12.72,"0.08",1.0041190402212,5.41908457482787,"no","no"
"ERR3439567",0.06,98.31,98.08,16.64,11.66,"0",1.00234502444591,5.89423047510634,"no","no"
"ERR3439568",0.14,97.48,96.93,14.14,9.11,"0.01",1.00567419781622,6.85502080233233,"no","no"
"ERR3439569",0.05,98.65,98.38,18.93,13.87,"0",1.00274446022825,5.19704151098566,"no","no"
"ERR3439570",0.08,97.63,97.31,17.81,12.76,"0.01",1.00328845952843,5.46378414015811,"no","no"
"ERR3439571",0.06,98.41,98.15,16.64,11.48,"0.01",1.00264900659553,5.89843720562276,"no","no"
"ERR3439572",0.05,98.36,98.17,17.45,12.15,"0",1.00193541813247,5.62578770052793,"no","no"
"ERR3439573",0.05,96.77,96.26,18.78,13.66,"0",1.00529815078643,5.12566538201995,"no","no"
"ERR3439574",0.17,95.28,94.35,15.6,10.5,"0.02",1.0098569156348,6.04807659948227,"no","no"
"ERR3439575",0.09,98.13,97.86,17.77,12.68,"0",1.00275904350338,5.50703407388666,"no","no"
"ERR3439576",0.04,98.4,98.15,13.53,8.08,"0",1.00254712172647,7.25424935297492,"no","no"
"ERR3439577",0.07,98.24,97.99,24.58,19.68,"0",1.0025512807169,3.98657432926874,"no","no"
"ERR3439578",0.06,97.89,97.55,13.31,8.02,"0",1.00348539207088,7.32907540728209,"no","no"
"ERR3439579",0.04,99.3,98,13.78,8.68,"0",1.01326530598709,7.11175572483631,"no","no"
"ERR3439580",0.03,99.37,98.71,13.48,8.48,"0",1.00668625259157,7.32269982769289,"no","no"
"ERR3439581",0.11,98.7,97.6,17.29,12.21,"0.01",1.0112704916878,5.64488116570959,"no","no"
"ERR3439582",0.05,99.24,98.29,14.71,9.44,"0.03",1.00966527612509,6.68184869599941,"no","no"
"ERR3439583",0.07,98.4,98.14,15.15,9.9,"0",1.00264927651672,6.47788742720215,"no","no"
"ERR3439584",0.05,98.17,97.84,15.27,10.09,"0.01",1.00337285360412,6.40733428897614,"no","no"
"ERR3439585",0.08,99.31,98.32,18.69,13.64,"0",1.01006916181785,5.26056692024789,"no","no"
"ERR3439586",0.04,98.81,98.2,13.91,8.75,"0",1.00621181256403,7.05966886702596,"no","no"
"ERR3439587",0.06,98.7,97.94,15.24,10.07,"0.01",1.00775985289198,6.42650883028157,"no","no"
"ERR3439588",0.04,98.99,98.02,14.13,9.13,"0",1.0098959395032,6.93701302639681,"no","no"
"ERR3439589",0.27,98.56,97.02,16.67,11.6,"0.06",1.01587301570941,5.82003570365713,"no","no"
"ERR3439590",0.05,98.39,97.3,15.59,10.45,"0.01",1.01120246648302,6.24117990755741,"no","no"
"ERR3439591",0.03,99.31,98.34,12.26,7,"0",1.00986373795136,8.02120660512181,"no","no"
"ERR3439592",0.06,98.3,98.06,16.49,11.31,"0.01",1.00244748110904,5.94663402385482,"no","no"
"ERR3439593",0.05,98.39,98.16,15.29,10.14,"0",1.00234311326056,6.41988192152505,"no","no"
"ERR3439594",0.03,98.71,98.55,13.4,8.4,"0",1.00162354133309,7.35447713772559,"no","no"
"ERR3439595",0.04,98.66,98.47,16.49,11.3,"0",1.00192952166214,5.97149757601591,"no","no"
"ERR3439596",0.03,98.4,98.26,13.06,8.07,"0",1.00142479135533,7.5237361007859,"no","no"
"ERR3439597",0.05,98.31,98.07,17.4,12.26,"0",1.00244723154433,5.63620663010307,"no","no"
"ERR3439598",0.14,95.95,95.35,13.49,8.43,"0.03",1.00629260612173,7.06819821584891,"no","no"
"ERR3439599",0.08,98.34,98.09,14.39,9.09,"0.01",1.00254867975789,6.81653885917034,"no","no"
"ERR3439600",0.04,98.07,97.82,14.86,9.81,"0",1.00255571455167,6.58277216805033,"no","no"
"ERR3439601",0.06,98.09,97.74,17.59,12.46,"0",1.00358092895866,5.55656597176998,"no","no"
"ERR3439602",0.07,97.74,97.39,15.13,9.99,"0.01",1.00359379809432,6.43688001078123,"no","no"
"ERR3439603",0.04,98.33,97.87,12.86,7.83,"0.06",1.00470011234597,7.6104193926579,"no","no"
"ERR3439604",0.09,97.68,97.28,14.79,9.76,"0.01",1.004111842063,6.57741679665877,"no","no"
"ERR3439605",0.05,96.42,95.93,13.37,8.35,"0.01",1.0051078911174,7.17501823672265,"no","no"
"ERR3468419",0.53,99.08,96.77,13.77,8.57,"0",1.02387103416481,7.02759578594076,"no","no"
"ERR3468420",2.7,94.69,92.25,14.67,9.8,"0.32",1.02644986421193,6.28834319779528,"Possible contamination","no"
"ERR3468421",0.74,98.78,95.65,12.61,7.39,"0.01",1.03272347064586,7.58524927952028,"Possible contamination","no"
"ERR3468422",2.42,97.22,91.09,14.9,10.22,"0.01",1.06729608006042,6.11342247560923,"Possible contamination","no"
"ERR3468423",3.05,96.42,87.5,11.51,6.9,"0.01",1.1019428559778,7.60208456975807,"Possible contamination","no"
"ERR3468425",0.2,98.32,97.75,18.38,13.44,"0.01",1.00583120198638,5.31828050499018,"no","no"
"ERR3468426",0.26,95.55,88.76,13.3,8.69,"0",1.07649842185108,6.67368378393355,"Possible contamination","no"
"ERR3468427",2.64,96.88,90.36,14.21,9.51,"0.01",1.07215582036127,6.35890180444041,"Possible contamination","no"
"ERR3468428",1.12,98.39,95.06,15.96,10.95,"0.01",1.03503050667967,5.9561400403421,"Possible contamination","no"
"ERR3468429",1.13,97.9,95.12,16.31,11.37,"0.02",1.02922624023101,5.83200460870603,"Possible contamination","no"
"ERR3468430",3.34,95.56,87.58,11.56,7.03,"0.02",1.09111669226859,7.57612399860519,"Possible contamination","no"
"ERR3468431",0.05,99.65,99.11,13.92,8.92,"0",1.00544849152004,7.11997082471474,"no","no"
"ERR3468432",0.54,98.87,96.53,17.31,12.35,"0.07",1.02424116829751,5.5765450851216,"no","no"
"ERR3468433",0.08,99.31,97.71,17.11,11.82,"0.01",1.01637498703945,5.71069522438952,"no","no"
"ERR3468434",0.36,99.29,97.53,14.79,9.71,"0.03",1.01804572933409,6.59432010856524,"no","no"
"ERR3468435",6.44,92.68,76.94,10.28,6.14,"0.06",1.20457499084254,7.48443516688374,"Possible contamination","no"
"ERR3468436",0.92,98.64,95.5,13.34,8.32,"0",1.03287958080754,7.15892007804197,"Possible contamination","no"
"ERR3468437",0.96,98.58,95.52,14.92,9.95,"0.01",1.03203517554402,6.40214441004394,"Possible contamination","no"
"ERR3468438",0.29,99.21,97.73,13.69,8.86,"0",1.0151437632749,7.13878698767078,"no","no"
"ERR3468439",0.05,99.68,99.02,13.43,8.53,"0",1.00666532007003,7.37304494616196,"no","no"
"ERR3468440",0.42,99,97.47,14.84,9.74,"0.01",1.01569713741975,6.56805892398525,"no","no"
"ERR3468441",0.41,98.58,96.66,17.76,12.6,"0.01",1.01986343865235,5.44256731742301,"no","no"
"ERR3468442",0.05,99.59,98.23,12.45,7.34,"0",1.01384505737712,7.88995928594705,"no","no"
"ERR3468443",1.19,98.44,95.11,14.51,9.46,"0.01",1.03501209089463,6.55478941731293,"Possible contamination","no"
"ERR3468444",1.12,98.37,92.53,13.31,8.4,"0.01",1.06311466483179,6.95191540556609,"Possible contamination","no"
"ERR3468445",8.26,90.38,69.82,9.27,5.43,"0.08",1.29447149392049,7.53182238060169,"Possible contamination","no"
"ERR3468446",0.11,99.52,97.99,14.74,9.75,"0",1.01561383798741,6.64789649607215,"no","no"
"ERR3468448",1.37,97.65,94.49,17.01,12.14,"0",1.03344269199447,5.55496739829704,"Possible contamination","no"
"ERR3468449",0.05,99.26,98.16,14.54,9.62,"0.04",1.01120619385487,6.7510312413321,"no","no"
"ERR3468450",0.23,99.09,97.4,18.31,13.28,"0.01",1.01735112918531,5.31949730641741,"no","no"
"ERR3468451",2.74,96.6,89.34,13.81,9.11,"0.01",1.08126259143427,6.46922480309741,"Possible contamination","no"
"ERR3468452",1.32,98.06,94.26,13.24,8.2,"0.03",1.04031402460944,7.11933488524661,"Possible contamination","no"
"ERR3468453",1.44,98.1,94.15,13.71,8.85,"0.01",1.04195432775407,6.86724975439462,"Possible contamination","no"
"ERR3468454",0.13,98.42,97.85,14.27,9.36,"0",1.00582524265891,6.85704233657727,"no","no"
"ERR3468455",0.28,99.15,97.51,20.47,15.64,"0",1.01681878764415,4.763556240178,"no","no"
"ERR3468456",2.43,96.89,90.94,11.74,7.07,"0.01",1.06542775384399,7.74616637596539,"Possible contamination","no"
"ERR3468457",0.06,98.99,97.31,14.16,9.12,"0.12",1.01726441252426,6.87217472654133,"no","no"
"ERR3468458",0.11,99.05,97.49,15.82,10.73,"0.04",1.01600164102983,6.16245226533171,"no","no"
"ERR3468459",1.73,97.77,92.88,16.35,11.56,"0.01",1.05264857824452,5.68073365867072,"Possible contamination","no"
"ERR3468460",0.85,98.14,96.22,14.84,9.79,"0.01",1.01995427125385,6.48382712373133,"no","no"
"ERR3468461",3.23,96.18,89.18,14.18,9.41,"0.01",1.07849293475563,6.28913926028637,"Possible contamination","no"
"ERR3468462",1.28,97.73,94.84,13.22,8.36,"0",1.03047237420421,7.17397835295171,"Possible contamination","no"
"ERR3468463",1.06,98.44,95.44,12.58,7.62,"0.01",1.03143336094475,7.58664494541773,"Possible contamination","no"
"ERR3468464",0.61,98.93,96.86,15.26,10.23,"0.01",1.02137105078081,6.34731288680781,"no","no"
"ERR3468465",0.21,99.18,97.75,16.3,11.21,"0.01",1.01462915586057,5.99693220877716,"no","no"
"ERR3468466",0.09,98.92,95.53,14.7,9.46,"0.01",1.03548623431921,6.49863908172523,"Possible contamination","no"
"ERR3468467",1.82,97.2,93.14,13.48,8.47,"0.01",1.04359029371279,6.90949511057158,"Possible contamination","no"
"ERR3468468",0.57,99.06,97.37,15.73,10.63,"0",1.01735647512215,6.19008231468008,"no","no"
"ERR3468469",0.53,98.78,97.18,12.19,7.12,"0.03",1.016464292895,7.97210771352685,"no","no"
"ERR3468470",0.92,98.48,95.62,15.44,10.47,"0.01",1.02991006034397,6.19300484501264,"Possible contamination","no"
"ERR3468471",1.15,98.27,94.48,13.09,8.18,"0.02",1.04011430948228,7.21772297801964,"Possible contamination","no"
"ERR3468472",0.65,98.16,96.59,12.92,7.89,"0.01",1.01625427046015,7.47600569071163,"no","no"
"ERR3468473",0.07,99.08,96.12,14.37,9.23,"0.03",1.03079483946322,6.68893488594747,"Possible contamination","no"
"ERR3468474",0.53,98.54,94.44,14.81,9.98,"0.03",1.0434138072489,6.37677208799648,"Possible contamination","no"
"ERR3468475",0.77,98.83,96.3,12.16,6.9,"0.01",1.02627206618617,7.91940732570663,"Possible contamination","no"
"ERR3468476",2.95,95.68,89.16,12.18,7.43,"0.02",1.07312696194339,7.32019652543543,"Possible contamination","no"
"ERR3468477",0.21,99,97.04,19.45,14.32,"0.01",1.02019785634586,4.9892028797325,"no","no"
"ERR3468478",0.63,98.84,96.75,17.82,12.89,"0.01",1.02160206696019,5.42929268073554,"no","no"
"ERR3468479",1.02,97.82,95.59,13.68,8.75,"0.01",1.02332879983964,6.98757266172715,"no","no"
"ERR3468480",2.02,97.51,92.41,17.84,13.09,"0.02",1.05518883178023,5.17993250112486,"Possible contamination","no"
"ERR3468481",0.15,98.06,97.45,17.38,12.19,"0.01",1.00625962025388,5.60701929763986,"no","no"
"ERR3468482",0.08,99.23,97.77,14.79,9.77,"0",1.01493300588183,6.61054728799545,"no","no"
"ERR3468483",0.84,98.62,96.09,12.89,7.72,"0.01",1.02632948250256,7.45461548063495,"Possible contamination","no"
"ERR3468484",2.11,97.08,92.22,14.35,9.52,"0.01",1.05270006449035,6.42648045808499,"Possible contamination","no"
"ERR3468485",0.69,98.85,96.65,20.05,14.95,"0.01",1.02276254503091,4.82044868725942,"no","no"
"ERR3468486",5.48,77.19,65.47,9.17,5.88,"13.39",1.17901328579482,7.13958493570502,"Possible contamination","no"
"ERR3468487",0.14,99.37,98.26,13.35,8.26,"0.01",1.01129656003158,7.36029914904126,"no","no"
"ERR3468488",18.01,81.11,31.7,4.69,3.11,"0.01",2.55867502969479,6.75906060574401,"Possible contamination","no"
"ERR3468489",0.12,99.37,97.86,20.14,15.14,"0.01",1.01543020625965,4.85898689875934,"no","no"
"ERR3468490",0.08,99.18,97.89,15.98,10.89,"0",1.01317805686814,6.12578190702241,"no","no"
"ERR3468491",0.8,98.86,96.21,14.8,9.72,"0",1.02754391406773,6.50067530400842,"Possible contamination","no"
"ERR3468492",0.23,98.71,97.27,19.02,13.91,"0",1.01480415323528,5.11409021482176,"no","no"
"ERR3468493",0.44,99.13,97.49,13.82,8.81,"0",1.01682223800572,7.05426873702831,"no","no"
"ERR3468494",0.71,98.93,96.44,14.21,9.12,"0.01",1.02581916190565,6.78676947313375,"Possible contamination","no"
"ERR3468495",0.59,99.09,97.3,12.47,7.35,"0",1.01839671101339,7.80272599817755,"no","no"
"ERR3468496",0.17,99.33,97.98,17.35,12.53,"0",1.01377832196593,5.6472619799849,"no","no"
"ERR3468498",1.67,97.69,92.37,13.13,8.33,"0.01",1.05759445645129,7.03503381302103,"Possible contamination","no"
"ERR3468499",3.1,96.19,87.99,11.86,7.02,"0.01",1.09319240716908,7.41905510800547,"Possible contamination","no"
"ERR3468500",0.78,98.91,96.14,17.32,12.34,"0",1.02881214864976,5.55080805133903,"Possible contamination","no"
"ERR3468501",0.7,98.82,96.45,14.36,9.36,"0",1.02457231700806,6.71657341806592,"no","no"
"ERR3468502",0.87,98.61,95.81,13.42,8.41,"0.01",1.02922450653142,7.1393438048179,"Possible contamination","no"
"ERR3468503",26.8,70.03,10.34,1.38,0.83,"1.67",6.77272671443649,7.49274891829789,"Possible contamination","no"
"ERR3468504",0.19,99.39,98.43,13.94,8.79,"0.01",1.00975312394846,7.06097517496591,"no","no"
"ERR3468505",0.08,98.31,97.91,14.8,9.73,"0",1.00408538449509,6.61554016111215,"no","no"
"ERR3468506",0.07,99.31,98.04,14.92,9.81,"0",1.0129538962367,6.57104520301306,"no","no"
"ERR3468507",0.74,98.75,96.45,14.06,8.83,"0.01",1.02384655237069,6.85988578521438,"no","no"
"ERR3468508",0.84,98.85,96.38,14.74,9.6,"0",1.0256277233282,6.53866990918115,"Possible contamination","no"
"ERR3468509",3.38,95.93,87.62,12.73,8.05,"0.01",1.09484135933758,6.88295319065568,"Possible contamination","no"
"ERR3468510",1.04,98.23,94.76,13.77,8.85,"0.01",1.03661882612264,6.88162629763063,"Possible contamination","no"
"ERR3468511",0.53,98.89,97.08,16.75,11.82,"0.04",1.01864441678364,5.79582060920474,"no","no"
"ERR3468512",0.21,99.08,97.42,20.55,15.68,"0.01",1.01703962207925,4.74063242138042,"no","no"
"ERR3468513",0.13,99.15,97.75,15.78,10.63,"0.01",1.01432225049287,6.1945497341857,"no","no"
"ERR3468514",0.16,98.94,97.01,17.8,12.65,"0.01",1.01989485599531,5.44999975000001,"no","no"
"ERR3468515",0.11,99.51,98.32,13.62,8.46,"0.01",1.01210333592246,7.2187954318065,"no","no"
"ERR3468516",1.69,96.44,92.78,12.42,7.41,"0.03",1.03944815650519,7.47020881882377,"Possible contamination","no"
"ERR3468517",0.23,99.02,97.33,13.93,8.97,"0",1.01736360816435,6.98707781858738,"no","no"
"ERR3468518",0.36,99.23,97.44,20.97,15.88,"0",1.01837027895761,4.64663788046553,"no","no"
"ERR3468519",0.45,98.34,95.78,20.27,15.42,"0",1.0267279178667,4.72520948568281,"Possible contamination","no"
"ERR3468520",7.13,90.13,70.25,13.91,10.35,"0.01",1.2829893198151,5.05032321708676,"Possible contamination","no"
"ERR3468521",1.14,97.15,94.68,12.69,8.09,"0.01",1.02608787467165,7.46099239866096,"Possible contamination","no"
"ERR3468522",4.15,70.48,8.82,1,0.56,"0.01",7.99092891259309,8.81999218000782,"Possible contamination","no"
"ERR3468523",2.3,96.25,94.82,17.72,12.51,"0.36",1.01508120633747,5.35101555581176,"no","no"
"ERR3468524",0.11,99.06,97.08,16.93,12.02,"0.01",1.02039554985171,5.73419936596578,"no","no"
"ERR3468525",0.22,98.23,97.46,18.55,13.6,"0",1.00790067711984,5.25390812647395,"no","no"
"ERR3468526",0.15,98.92,97.82,15.68,10.92,"0",1.01124514402734,6.23852007407397,"no","no"
"ERR3468527",0.31,98.98,97.46,16.38,11.66,"0",1.01559614184695,5.94993864774489,"no","no"
"ERR3468528",11.45,87,60.11,10,6.83,"0.01",1.44734652391704,6.01099949890005,"Possible contamination","no"
"ERR3468529",5.33,93.44,78.62,10.13,5.82,"0.03",1.18850165112565,7.76110495941708,"Possible contamination","no"
"ERR3468530",3.88,81.15,34.11,4.26,2.46,"0.01",2.37906768164563,8.00704060867591,"Possible contamination","no"
"ERR3468531",2.21,96.43,95.11,15.5,10.45,"0.36",1.01387866666093,6.13612870089492,"no","no"
"ERR3468532",0.77,98.48,94.85,23.41,18.63,"0.01",1.03827095373462,4.05168718275578,"Possible contamination","no"
"ERR3468533",0.6,98.93,96.81,14.21,9.02,"0",1.02189856397171,6.81280747270883,"no","no"
"ERR3468534",0.63,98.9,96.69,15.97,10.86,"0",1.0228565516304,6.05447682814798,"no","no"
"ERR3468535",10.57,88.72,65.39,8.67,5.18,"0.01",1.35678237717109,7.54209843805093,"Possible contamination","no"
"ERR3468536",3.47,94.95,86.12,13.6,9.2,"0",1.10253135041185,6.33235254909173,"Possible contamination","no"
"ERR3468537",0.47,98.05,95.89,19.14,14.41,"0.24",1.02252581058999,5.00992664524939,"no","no"
"ERR3468538",2.96,95.2,86.06,11.58,6.95,"0.01",1.10620497204038,7.43177837376698,"Possible contamination","no"
"ERR3468539",0.06,99.03,97.49,14.69,9.74,"0",1.01579649178586,6.6364870227034,"no","no"
"ERR3468540",0.26,99.04,94.45,25.34,20.77,"0.01",1.0485971408301,3.72730849537062,"Possible contamination","no"
"ERR3468541",0.23,99.26,97.54,12.13,7.11,"0",1.01763379108434,8.04121953493656,"no","no"
"ERR3468542",0.12,99.61,98.45,16.7,11.69,"0",1.01178263065736,5.89520928771202,"no","no"
"ERR3468543",0.22,99.33,97.48,25.7,21.08,"0",1.01897825175443,3.79299600027253,"no","no"
"ERR3468544",0.1,98.47,98.05,0.14,0.09,"0",1.00428352876814,700.352147484661,"no","Possible contamination"
"ERR3468545",0.33,98.48,96.48,16.98,12.09,"0",1.02072968469393,5.68197852285168,"no","no"
"ERR3468546",3.59,95.5,84.47,10.93,6.39,"0.02",1.13057890220695,7.7282701986944,"Possible contamination","no"
"ERR3468547",0.55,98.78,96.21,32.25,28.03,"0",1.02671239968078,2.98325575245719,"Possible contamination","no"
"ERR3468548",0.7,98.63,96.01,15.82,10.87,"0",1.0272888237966,6.06889980601139,"Possible contamination","no"
"ERR3468549",2.22,97.07,1.23,0.19,0.13,"0.01",78.9186358385074,6.47365540181367,"Possible contamination","no"
"ERR3468550",16.97,78.02,42.82,5.7,3.31,"0.13",1.82204575380556,7.5122795592492,"Possible contamination","no"
"ERR3468551",17.82,81.34,43.22,5.47,3.16,"0.01",1.88199905409535,7.90127844583575,"Possible contamination","no"
"ERR3468552",1.78,97.46,92.82,11.89,6.8,"0.01",1.04998922592125,7.80655956210601,"Possible contamination","no"
"ERR3468553",2.25,96.13,89.22,23.57,19.27,"0",1.07744900159775,3.78532020427152,"Possible contamination","no"
"ERR3468554",2.49,96.55,89.89,13.78,9.12,"0.01",1.07409055429869,6.52322166014357,"Possible contamination","no"
"ERR3468555",0.15,99.04,96.78,29.4,24.73,"0.01",1.02335193197611,3.29183665674025,"no","no"
"ERR3468556",0.25,98.39,97.63,25.27,20.42,"0",1.00778449239184,3.86347436234767,"no","no"
"ERR3468557",0.45,99.17,97.39,14.93,9.73,"0.01",1.01827703030828,6.52310746663714,"no","no"
"ERR3468558",2.22,96.56,91.8,12.53,7.68,"0.01",1.05185185128702,7.32641609525809,"Possible contamination","no"
"ERR3468559",0.39,98.99,97.23,20.59,15.79,"0",1.01810140884396,4.72219505963113,"no","no"
"ERR3468560",0.45,98.87,96.8,16.28,11.35,"0",1.02138429729975,5.94594564214093,"no","no"
"ERR3468561",31.09,67.1,3.15,0.46,0.29,"0.06",21.301580856641,6.84781337431875,"Possible contamination","no"
"ERR3468562",1.26,98.02,93.47,19.05,14.69,"0",1.04867871992427,4.90656147472118,"Possible contamination","no"
"ERR3468563",0.25,97.84,96.96,21.11,16.16,"0.01",1.00907590749715,4.59308367631058,"no","no"
"ERR3468564",0.33,99.08,97.6,21.2,16.05,"0",1.01516393427086,4.60377341491635,"no","no"
"ERR3468565",1.55,97.83,93.74,13.78,9.01,"0",1.04363132020875,6.80261206076836,"Possible contamination","no"
"ERR3468566",0.72,98.53,96.15,11.84,7.2,"0",1.02475298986216,8.1207764256101,"no","no"
"ERR3468567",0.69,98.89,96.52,14.29,9.32,"0",1.02455449622302,6.75437328520831,"no","no"
"ERR3468568",0.63,98.09,96.38,16,11.22,"0",1.01774226999645,6.02374968601564,"no","no"
"ERR3468569",1.97,95.93,86.47,11.36,6.69,"0.01",1.10940210351102,7.61179519262366,"Possible contamination","no"
"ERR3468570",3.11,95.68,86.14,11.68,7.31,"0.01",1.11074994066926,7.37499945419525,"Possible contamination","no"
"ERR3468571",0.14,99.5,98.29,18.79,13.79,"0",1.0123105095909,5.23097369712753,"no","no"
"ERR3468572",0.2,97.98,97.13,20.25,15.45,"0",1.00875115815143,4.79654302239294,"no","no"
"ERR3468573",0.06,99.7,98.86,13.58,8.63,"0",1.00849686416653,7.27982280708227,"no","no"
"ERR3468574",0.76,98.77,96.51,15.95,10.77,"0.01",1.02341726221721,6.05078338239603,"no","no"
"ERR3468575",0.4,98.12,96.97,18.95,14.2,"0",1.01185933781727,5.1171501785145,"no","no"
"ERR3468576",2.35,97.13,91.52,15.99,11.42,"0",1.0612980762533,5.72357694036417,"Possible contamination","no"
"ERR3468577",22.56,74.95,15.59,2.08,1.22,"0.03",4.80756871022651,7.4951891850052,"Possible contamination","no"
"ERR3468578",36.06,63.04,22.08,2.75,1.65,"0.02",2.85507237975216,8.02908835305878,"Possible contamination","no"
"ERR3468579",0.46,99.03,97.23,14.48,9.51,"0",1.01851280449951,6.71477861085783,"no","no"
"ERR3468580",0.45,98.42,97.23,15.68,10.76,"0",1.01223902075245,6.20089252545328,"no","no"
"ERR3468581",0.08,99.7,98.98,15.35,10.43,"0",1.00727419673394,6.44820811412325,"no","no"
"ERR3468582",0.06,98.97,98.67,14.13,9.1,"0.01",1.00304043779223,6.9830144385694,"no","no"
"ERR3468583",0.31,99.11,97.59,13.72,8.87,"0",1.01557536616892,7.11297331538095,"no","no"
"ERR3468584",26.05,72.46,7.05,0.93,0.57,"0.08",10.278012868367,7.58063808533539,"Possible contamination","no"
"ERR3468585",3.09,96.36,88.82,11.58,6.73,"0.02",1.08489078940677,7.67012032209669,"Possible contamination","no"
"ERR3468586",5.69,93.36,80.46,10.49,6.18,"0.01",1.1603281113556,7.67016142324486,"Possible contamination","no"
"ERR3468587",0.79,98.79,95.93,15.49,10.56,"0.03",1.02981340529747,6.19302742459474,"Possible contamination","no"
"ERR3468588",0.99,98.35,95.54,14.46,9.45,"0",1.02941176439803,6.60719186672255,"Possible contamination","no"
"ERR3468589",0.23,99.16,97.58,17.68,12.59,"0",1.01619184242476,5.51923051361818,"no","no"
"ERR3468590",1.31,98.4,94.96,13.26,8.18,"0",1.036225778894,7.1613871673162,"Possible contamination","no"
"ERR3468591",0.89,98.77,96.28,13.14,8.08,"0",1.0258620686969,7.32724457174699,"Possible contamination","no"
"ERR3468592",2.5,97.07,90.6,16.82,12.17,"0",1.07141280274379,5.38644444789272,"Possible contamination","no"
"ERR3468593",5.91,93.49,80.29,10.49,6.09,"0.02",1.16440403332415,7.6539555143989,"Possible contamination","no"
"ERR3468594",2.22,97.23,89.68,12.97,8.28,"0.01",1.08418822386052,6.91441743142502,"Possible contamination","no"
"ERR3468595",0.37,98.92,96.57,19.45,14.53,"0",1.0243346792551,4.9650383565533,"no","no"
"ERR3468596",2.34,97.31,91.23,11.78,6.78,"0.01",1.06664474332298,7.74448160063824,"Possible contamination","no"
"ERR3468597",1.01,98.6,95.75,13.29,8.22,"0.01",1.02976501274397,7.2046646949086,"Possible contamination","no"
"ERR3468598",0.5,99.07,97.1,13.24,8.18,"0",1.02028836230393,7.33383637961961,"no","no"
"ERR3468610",2.58,96.82,90.25,13.27,8.5,"0.02",1.07279778312689,6.80105457414811,"Possible contamination","no"
"ERR3468613",11.13,88.15,66.29,11.68,8.39,"0.01",1.32976315688998,5.67551329832934,"Possible contamination","no"
"ERR3468614",2.9,80.63,25.39,4.55,3.24,"0",3.17565962285704,5.58021877357829,"Possible contamination","no"
"ERR3468615",18.14,80.96,48.92,8.34,5.56,"0.01",1.65494683861515,5.86570685063467,"Possible contamination","no"
"ERR3468616",3.62,95.63,87.77,13.83,9.1,"0",1.08955223778566,6.34634813113896,"Possible contamination","no"
"ERR3468636",0.14,88.61,17.04,2.26,1.39,"0",5.20011712440627,7.53982011512384,"Possible contamination","no"
"ERR3468637",0.25,98.32,94.8,22.38,17.77,"0",1.03713080129609,4.23592478838584,"Possible contamination","no"
"ERR3468638",18.29,80.79,48.41,9.58,6.96,"0.01",1.66887005435096,5.05323548504849,"Possible contamination","no"
"ERR3468639",19.75,78.94,43.9,6.66,4.33,"0.02",1.79817765835586,6.5915907520134,"Possible contamination","no"
"ERR3468640",11.06,76.36,56.78,8.92,5.67,"0.01",1.34483972622685,6.36547025050782,"Possible contamination","no"
"ERR3468641",0.13,98.14,95.86,19.7,14.53,"0.01",1.0237846857523,4.86598965147261,"no","no"
"ERR3468642",0.08,79.03,30.52,4.13,2.54,"0.01",2.58944948920546,7.38982896130049,"Possible contamination","no"
"ERR3468643",22.69,75.44,24.31,3.26,1.95,"0.1",3.10324960496711,7.45705323403275,"Possible contamination","no"
"ERR3468644",9.87,66.09,13.41,1.73,1.02,"0.02",4.92841134016321,7.75144118413804,"Possible contamination","no"
"ERR3468645",0.22,98.27,95.06,23.71,19.22,"0",1.0337681460786,4.00927865840242,"Possible contamination","no"
"ERR3468646",12.16,83.47,62.69,16.33,13.08,"0.01",1.33147231884715,3.83894654997265,"Possible contamination","no"
"ERR3468647",0.3,99.42,98.07,12.18,7.09,"0",1.01376567743688,8.05172355897179,"no","no"
"ERR3468648",1.98,97.15,92.62,12.53,7.81,"0",1.04890952225319,7.39185902698651,"Possible contamination","no"
"ERR3468649",0.11,93.28,79,12.02,7.55,"0",1.18075949138279,6.57237890412821,"Possible contamination","no"
"ERR3468650",0.11,95.5,92.13,15.28,10.44,"2.44",1.03657874702509,6.02944993262762,"Possible contamination","no"
"ERR3468651",6.23,92.61,77.51,10.18,5.94,"0.01",1.19481356992887,7.61394826974968,"Possible contamination","no"
"ERR3468652",0.62,94.99,93.11,15.43,10.5,"0",1.02019117151551,6.03434834514917,"no","no"
"ERR3468653",16.38,76.34,6.22,0.8,0.49,"0.06",12.2733100846768,7.77499153126058,"Possible contamination","no"
"ERR3468654",1.43,96.68,94.11,12.89,8.03,"0.01",1.02730846852292,7.30100804491792,"Possible contamination","no"
"ERR3468655",18.82,79.6,46.48,7.73,5.22,"0.01",1.71256452855928,6.01293596210401,"Possible contamination","no"
"ERR3468656",8.75,89.91,73.08,11.14,7.28,"0.01",1.23029556335118,6.56014312745573,"Possible contamination","no"
"ERR3468657",0.12,73.9,26.8,4.82,3.44,"0",2.7574626209902,5.5601650290114,"Possible contamination","no"
"ERR3468658",0.23,98.78,94.99,17.61,12.69,"0",1.03989893631015,5.39409401509971,"Possible contamination","no"
"ERR3468659",29.43,67.38,3.57,0.47,0.29,"0.04",18.8739445731248,7.5957306473816,"Possible contamination","no"
"ERR3468660",0.42,97.16,93.72,14.35,9.41,"0",1.03670507856695,6.53101006752543,"Possible contamination","no"
"ERR3468661",1.38,97.01,92.12,12.39,7.4,"0.01",1.05308293472554,7.43502772921487,"Possible contamination","no"
"ERR3468662",15.64,82.92,55.06,9.41,6.39,"0.01",1.50599345248831,5.85122158860557,"Possible contamination","no"
"ERR3468663",2.78,96.19,89.51,12.16,7.66,"0",1.07462853229105,7.36101921373197,"Possible contamination","no"
"ERR3468664",0.11,94.57,93.37,20.24,15.42,"0",1.01285209368264,4.61314211397519,"no","no"
"ERR3468665",0.06,71.78,7.01,0.73,0.4,"0",10.2396563138864,9.60272794146857,"Possible contamination","no"
"ERR3468666",0.13,97.43,90.64,18.76,14.08,"0",1.07491173792021,4.83155629895755,"Possible contamination","no"
"ERR3468667",0.57,98.18,94.62,17.29,12.69,"0.01",1.03762418053663,5.47252721385036,"Possible contamination","no"
"ERR3468668",2.73,93.98,88.35,15.5,10.93,"0.07",1.063723824972,5.69999969677421,"Possible contamination","no"
"ERR3468669",0.23,80.95,33.9,9.66,8.09,"0",2.3879055637786,3.50931651042272,"Possible contamination","no"
"ERR3468670",10.89,86.77,66.25,9.81,6.42,"0.01",1.30973584438135,6.75331235949925,"Possible contamination","no"
"ERR3468671",11.54,82.81,63.02,17.35,14.14,"0.01",1.3140272879399,3.63227650534429,"Possible contamination","no"
"ERR3468672",0.1,98.71,96.35,16.88,11.65,"0",1.02449403192014,5.70793810971931,"no","no"
"ERR3468673",0.12,96.82,96.03,22.09,17.02,"0",1.00822659576979,4.34721578328584,"no","no"
"ERR3468674",0.12,98.32,95.26,14.99,10.07,"0",1.03212261146208,6.35490291161422,"Possible contamination","no"
"ERR3468675",1.72,97.19,92.11,15.6,10.86,"0.01",1.05515144875528,5.904486865097,"Possible contamination","no"
"ERR3468677",5.92,92.77,80.95,10.63,6.42,"0.05",1.14601605749208,7.61523926479405,"Possible contamination","no"
"ERR3468678",9.05,87.7,72.46,16.48,12.86,"0.05",1.21032293389011,4.39684445407497,"Possible contamination","no"
"ERR3468679",0.82,98.63,96.25,14.03,8.98,"0",1.02472727247037,6.86029894081975,"no","no"
"ERR3468680",0.09,99.62,97.82,14.58,9.72,"0",1.01840114477202,6.7091902805768,"no","no"
"ERR3468682",0.07,97.63,94.44,12.61,7.74,"0",1.03377805978634,7.48929369632881,"Possible contamination","no"
"ERR3468683",6.79,90.93,70.83,9.54,5.67,"0.51",1.28377805613754,7.42452762845622,"Possible contamination","no"
"ERR3468684",1.32,96.68,91.74,12.4,7.37,"0",1.05384783023929,7.39838658077528,"Possible contamination","no"
"ERR3468685",18.48,80.66,48.83,7.52,4.93,"0.02",1.65185335548119,6.49335033333107,"Possible contamination","no"
"ERR3468686",6.84,91.2,76.45,11.39,7.37,"0",1.19293655731934,6.71202759332506,"Possible contamination","no"
"ERR3468687",14.35,84.09,57.55,8,4.83,"0.01",1.46116419702582,7.19374922578135,"Possible contamination","no"
"ERR3468688",0.13,97.82,94.96,21.21,16.37,"0",1.03011794408048,4.47713326369009,"Possible contamination","no"
"ERR3468689",0.14,92.78,72.69,15.15,11.19,"0",1.2763791405093,4.79801955128584,"Possible contamination","no"
"ERR3468690",0.07,63.98,10.91,1.44,0.91,"0",5.86434419208577,7.57638432195533,"Possible contamination","no"
"ERR3468691",0.44,98.21,94.48,18.6,13.71,"0",1.0394792544509,5.07956967314141,"Possible contamination","no"
"ERR3468692",1.07,98.18,93.84,12.74,7.76,"0",1.0462489338635,7.3657765803943,"Possible contamination","no"
"ERR3468693",35.85,63.1,3.01,0.52,0.37,"0.01",20.9634485171267,5.78845232989937,"Possible contamination","no"
"ERR3468694",0.18,99.46,98.18,13.53,8.43,"0",1.01303727833533,7.25646664771126,"no","no"
"ERR3468695",4.65,94.21,84.66,13.04,8.72,"0.01",1.11280415647526,6.49233086715254,"Possible contamination","no"
"ERR3468696",0.13,98.47,96.3,24.1,18.95,"0",1.02253374846798,3.99585049809749,"no","no"
"ERR3468697",0.14,96.29,95.5,21.06,16.02,"0.01",1.00827225122228,4.53466270015847,"no","no"
"ERR3468698",0.07,98.28,95.54,15.28,10.2,"0",1.0286790869931,6.25261745728943,"Possible contamination","no"
"ERR3468699",0.31,98.14,95.05,19.32,14.48,"0",1.0325092053392,4.91977205384203,"Possible contamination","no"
"ERR3468700",1.41,97.16,91.45,13.93,9.11,"0",1.06243849029592,6.56496729612582,"Possible contamination","no"
"ERR3468701",16.48,81.37,51.16,9.37,6.71,"0.01",1.59050037938819,5.45997817929795,"Possible contamination","no"
"ERR3468702",7.42,90.14,74.38,13.19,9.01,"0.01",1.21188491245113,5.63912019415313,"Possible contamination","no"
"ERR3468703",2.47,95.91,89.53,15.96,11.53,"0",1.07126102902646,5.6096488339819,"Possible contamination","no"
"ERR3468704",0.18,97.79,94.32,15.66,10.65,"0.01",1.03678965185762,6.02298818499437,"Possible contamination","no"
"ERR3468705",0.16,79.88,43.27,10.14,7.98,"0",1.84608271675335,4.2672580604282,"Possible contamination","no"
"ERR3468706",0.11,97.94,94.38,13.71,8.73,"0",1.03771985550201,6.88402582902802,"Possible contamination","no"
"ERR3468707",0.76,88.34,66.3,11.7,7.83,"0.09",1.33242835094377,5.6666662678063,"Possible contamination","no"
"ERR3468710",0.11,90.2,71.47,10.74,6.52,"0",1.26206799689285,6.65456185711715,"Possible contamination","no"
"ERR3468711",0.14,97.01,94.66,18.85,14.22,"0",1.02482569168788,5.02175044977451,"no","no"
"ERR3468712",0.15,97.11,96.45,14.11,9.06,"0",1.00684292372376,6.83557719095839,"no","no"
"ERR3468713",0.22,95.79,95.21,16.18,11.22,"0.02",1.00609179701616,5.88442491443604,"no","no"
"ERR3468714",0.15,90.45,88.64,14.03,9.39,"0",1.02041967485989,6.31788985617321,"no","no"
"ERR3468716",0.09,18.12,7.21,0.83,0.48,"0.01",2.51317593437227,8.68673772682202,"Possible contamination","no"
"ERR3468717",0.1,92.24,91.48,13.35,8.14,"0",1.00830782675658,6.85243401854427,"no","no"
"ERR3468718",0.09,13.24,5.63,0.68,0.4,"0",2.35168714890104,8.27940105970432,"Possible contamination","no"
"ERR3468719",0.08,15.84,6.32,0.84,0.54,"0",2.50632887558087,7.52380175737886,"Possible contamination","no"
"ERR3468720",0.16,98.3,96.75,14.32,9.03,"0.01",1.01602067166904,6.75628451422594,"no","no"
"ERR3468721",0.05,97.88,96.01,13.58,8.41,"0",1.01947713759528,7.06995537040093,"no","no"
"ERR3468722",0.07,98.07,95.67,14.64,9.62,"0",1.02508623366692,6.53483568751122,"Possible contamination","no"
"ERR3468723",0.08,98.37,95.91,17.04,11.86,"0.01",1.02564904571318,5.62852085513375,"Possible contamination","no"
"ERR3468724",0.05,18.26,7.9,1,0.61,"0.01",2.31139223906427,7.8999931000069,"Possible contamination","no"
"ERR3468725",0.09,17.37,6.86,0.96,0.63,"0",2.5320697475117,7.14582693143028,"Possible contamination","no"
"ERR3468726",0.12,16.74,6.25,0.71,0.41,"0",2.67839973145604,8.80280591154097,"Possible contamination","no"
"ERR3468727",0.13,17.83,7.6,1.07,0.7,"0",2.34605245446678,7.10279803476819,"Possible contamination","no"
"ERR3468728",0.14,80.5,78.35,12.43,8.16,"0",1.02744096965615,6.30329804478696,"Possible contamination","no"
"ERR3468729",0.12,93.95,92.97,17.85,13.32,"0.06",1.01054103462901,5.20840312557966,"no","no"
"ERR3468730",0.05,98.81,96.61,15.67,10.61,"0",1.02277196953968,6.16528365250264,"no","no"
"ERR3468731",0.1,97.58,95.07,19.6,14.47,"0.01",1.02640159854421,4.85051000762704,"Possible contamination","no"
"ERR3468732",0.1,80.72,51.55,9.09,6.2,"0",1.56585837893582,5.67106659284196,"Possible contamination","no"
"ERR3468745",0.12,15.28,6.81,0.88,0.56,"0",2.24375899504273,7.73862870610374,"Possible contamination","no"
"ERR3468749",0.37,95.23,94.39,17.49,12.52,"0.03",1.00889924770739,5.39679791899383,"no","no"
"ERR3468755",0.24,88.09,86.72,15.76,10.75,"0",1.01579797029753,5.50253778537197,"no","no"
"ERR3468757",0.06,15.11,6.05,0.66,0.37,"0",2.49752041363299,9.16665429294804,"Possible contamination","no"
"ERR3468767",0.15,95.19,94.53,21.66,16.68,"0",1.00698191043074,4.36426577265624,"no","no"
"ERR3468769",0.15,12.31,6.33,0.83,0.52,"0",1.94470759167337,7.62649804036381,"Possible contamination","no"
"ERR3468776",0.34,95.14,86.69,16.39,11.18,"0",1.09747375594101,5.28920047045757,"Possible contamination","no"
"ERR3468778",0.07,47.24,5.81,0.59,0.31,"0",8.13080772275254,9.84744263145317,"Possible contamination","no"
"ERR3468779",0.08,71.09,16.63,2.68,1.65,"0",4.27480437313263,6.20522193835002,"Possible contamination","no"
"ERR3468782",1.85,96.63,91.13,14.52,9.58,"0",1.06035334071817,6.27617043552545,"Possible contamination","no"
"ERR3468785",0.11,97.85,94.99,21.27,15.71,"0.01",1.03010843214961,4.46591427052589,"Possible contamination","no"
"ERR3468786",0.06,59.23,6.62,0.68,0.37,"0",8.94712870889294,9.73528127164519,"Possible contamination","no"
"ERR3468787",0.06,42.64,6.12,0.75,0.46,"0",6.96731928638574,8.15999045334606,"Possible contamination","no"
"SRR9738475",0.83,99.14,98.56,22.59,12.19,"0.02",1.00588474020003,4.36299232567542,"no","no"
"SRR9738476",0.47,99.44,99.21,24.8,13.87,"0.08",1.00231831466265,4.00040310482246,"no","no"
"SRR9738477",0.45,99.46,99.32,19.65,8.79,"0.09",1.00140958516503,5.05445271987518,"no","no"
"SRR9738478",0.34,99.62,99.52,23.41,12.46,"0.03",1.00100482314103,4.25117457278195,"no","no"
"SRR9738479",0.27,99.72,99.63,23.94,12.83,"0.01",1.00090334235769,4.1616540032726,"no","no"
"SRR9738480",0.41,99.13,99.02,20.45,9.66,"0.44",1.00111088667834,4.84205360185557,"no","no"
"SRR9738481",0.32,99.66,99.55,24.08,13.28,"0.02",1.00110497236459,4.13413608246943,"no","no"
"SRR9738482",0.32,99.65,99.52,25.56,14.59,"0.02",1.00130627008334,3.89358361136214,"no","no"
"SRR9738483",0.27,99.71,99.6,23.87,13.06,"0.02",1.00110441765959,4.17260145904476,"no","no"
"SRR9738484",0.67,96.72,96.5,23.92,13.1,"2.4",1.00227979272249,4.03428080960364,"no","no"
"SRR9738485",0.25,99.73,99.64,22.89,11.82,"0.02",1.00090325169708,4.35299242669321,"no","no"
"SRR9738486",0.36,99.51,99.36,25.23,14.14,"0.12",1.00150966182056,3.93816873015582,"no","no"
"SRR9738487",0.4,99.4,99.28,24.43,13.33,"0.18",1.00120870264697,4.06385578944512,"no","no"
"SRR9738488",0.35,99.63,99.49,26.75,15.57,"0.02",1.00140717658652,3.71925223479431,"no","no"
"SRR9738489",0.23,99.7,99.62,19.58,9.16,"0.07",1.000803051588,5.0878445307536,"no","no"
"SRR9738491",0.35,92.92,92.85,19.91,9.91,"6.44",1.00075390413835,4.66348550158285,"no","no"
"SRR9738492",0.22,99.73,99.63,19.59,8.88,"0.05",1.00100371373077,5.08575783125279,"no","no"
"SRR9738493",0.27,99.67,99.59,20.29,9.69,"0.06",1.0008032934953,4.9083290335964,"no","no"
"SRR9738494",0.19,99.66,99.57,20.96,10.2,"0.14",1.00090388670379,4.75047692030167,"no","no"
"SRR9738495",1.37,95.02,94.62,16.76,7.6,"3.43",1.00422743601535,5.64558444835415,"no","no"
"SRR9738496",0.54,93.26,93.18,18.64,8.61,"5.98",1.00085855332841,4.99892682409191,"no","no"
"SRR9738497",0.29,99.69,99.61,22.92,12.04,"0.02",1.00080313220758,4.34598589240899,"no","no"
"SRR9738498",0.45,99.53,99.31,27.59,16.28,"0.01",1.00221528544743,3.59949247555301,"no","no"
"SRR9738499",0.18,99.78,99.72,22.61,11.37,"0.03",1.00060168471117,4.41043770851669,"no","no"
"SRR9738500",0.27,99.72,99.64,22.75,11.57,"0.01",1.0008028903974,4.37978007121846,"no","no"
"SRR9738501",0.33,99.64,99.55,21.6,10.8,"0.02",1.0009040682983,4.6087961292224,"no","no"
"SRR9738502",0.93,99.01,98.62,17.94,8.43,"0.06",1.0039545730688,5.49721268131479,"no","no"
"SRR9738503",0.71,99.14,98.82,19.02,8.75,"0.15",1.00323821085572,5.19558337562653,"no","no"
"SRR9738504",0.72,97.88,96.5,22.72,12.61,"1.39",1.01430051798652,4.24735901200004,"no","no"
"SRR9738505",0.36,99.62,99.47,26.16,15.02,"0.02",1.00150799234435,3.80236992345681,"no","no"
"SRR9738506",0.51,98.7,98.52,25.45,14.36,"0.71",1.00182704017634,3.87111973001494,"no","no"
"SRR9738507",0.36,99.63,99.51,22.51,11.75,"0.01",1.00120590894176,4.42070175829846,"no","no"
"SRR9738508",0.3,99.66,99.59,19.94,9.21,"0.04",1.00070288180839,4.99448325002591,"no","no"
"SRR9738509",0.29,99.5,99.43,21.42,10.73,"0.2",1.0007040128663,4.64192326601665,"no","no"
"SRR9738510",0.21,99.73,99.65,25.33,14.51,"0.06",1.00080280982636,3.93407015657046,"no","no"
"SRR9738511",0.31,99.66,99.57,21.99,10.9,"0.02",1.00090388670379,4.52796709740941,"no","no"
"SRR9738512",0.28,99.69,99.62,21.43,10.52,"0.03",1.0007026701395,4.64862325484726,"no","no"
"SRR9738513",0.31,99.47,99.38,21.52,10.83,"0.22",1.00090561480272,4.6180295716529,"no","no"
"SRR9738514",0.31,98.56,98.48,19.72,9.13,"1.09",1.00081234767656,4.99391460477106,"no","no"
"SRR9738515",0.38,99.56,99.46,22.19,11.05,"0.06",1.00100542930821,4.48219903189729,"no","no"
"SRR9738516",0.4,98.99,98.85,24.48,13.64,"0.59",1.00141628728967,4.03799007197753,"no","no"
"SRR9738517",0.41,99.56,99.44,24.46,13.55,"0.02",1.00120675783179,4.06541279372801,"no","no"
"SRR9738518",0.33,99.62,99.49,24.49,13.73,"0.05",1.0013066639732,4.06247435432934,"no","no"
"SRR9738519",0.31,99.68,99.58,23.83,12.55,"0.01",1.00100421770432,4.17876612762207,"no","no"
"SRR9738520",0.43,99.51,99.38,21.98,10.92,"0.06",1.0013081102706,4.5213829153147,"no","no"
"SRR9738521",0.28,99.59,99.51,22.52,11.52,"0.12",1.0008039392945,4.41873874694766,"no","no"
"SRR9738522",0.3,99.69,99.61,22.03,11.13,"0.01",1.00080313220758,4.52156134718287,"no","no"
"SRR9738523",0.26,99.7,99.62,22.53,11.63,"0.03",1.000803051588,4.42165985700578,"no","no"
"SRR9738524",0.31,99.69,99.6,22.18,11.2,"0",1.00090361444876,4.49053185344762,"no","no"
"SRR9738525",0.5,96.57,96.47,22.17,11.24,"2.84",1.00103659167579,4.35137558180534,"no","no"
"SRR9738526",0.47,99.41,99.23,24.96,13.91,"0.11",1.00181396753186,3.97556077822273,"no","no"
"SRR9738527",2.8,96.82,95.81,25.19,14.52,"0.34",1.01054169699883,3.80349333848776,"no","no"
"SRR9738528",0.29,99.66,99.54,25.35,14.4,"0.04",1.00120554549723,3.92662710348611,"no","no"
"SRR9738529",0.36,99.54,99.41,24.91,13.9,"0.09",1.00130771550842,3.99076664027432,"no","no"
"SRR9738530",0.34,98.71,98.63,21.27,10.55,"0.91",1.00081111222943,4.63704731372603,"no","no"
"SRR9738531",0.26,99.73,99.65,22.76,11.85,"0.01",1.00080280982636,4.3782951064018,"no","no"
"SRR9738532",0.28,99.69,99.61,19.77,9.09,"0.03",1.00080313220758,5.03844187969439,"no","no"
"SRR9738533",0.24,99.61,99.51,23.29,12.28,"0.14",1.00100492411813,4.27264906515032,"no","no"
"SRR9738534",0.34,99.65,99.55,21.72,11.26,"0.01",1.00100452033145,4.58333316835483,"no","no"
"SRR9738535",0.24,98.67,98.59,19.84,9.47,"1.06",1.00081144131442,4.96925383219487,"no","no"
"SRR9738536",0.65,90.3,90.21,19.97,10.19,"8.81",1.00099767208738,4.51727573774283,"no","no"
"SRR9738537",0.42,99.55,99.37,25.22,14.32,"0.02",1.00181141187671,3.94012676684668,"no","no"
"SRR9738538",0.3,99.66,99.55,24.51,13.51,"0.03",1.00110497236459,4.06160738222736,"no","no"
"SRR9738539",0.51,99.45,98.73,22.98,12.44,"0.03",1.00729261615221,4.29634450407552,"no","no"
"SRR9738540",0.33,99.65,99.53,23.7,12.78,"0.02",1.00120566662106,4.19957792406844,"no","no"
"SRR9738541",0.4,99.52,99.37,21.05,10.37,"0.08",1.00150950989726,4.72066490638171,"no","no"
"SRR9738542",0.39,99.52,99.42,20.34,9.9,"0.09",1.00100583382613,4.88790541357397,"no","no"
"SRR9738543",0.16,99.8,99.74,22.58,11.55,"0.04",1.00060156406054,4.41718319675894,"no","no"
"SRR9738544",0.17,99.8,99.75,22.16,11.31,"0.02",1.00050125312781,4.5013536326104,"no","no"
"SRR9738545",0.21,99.7,99.62,21.54,10.75,"0.08",1.000803051588,4.6248837685755,"no","no"
"SRR9738546",0.37,99.58,99.47,23.17,11.79,"0.04",1.00110586105252,4.29305121739097,"no","no"
"SRR9738547",0.27,97.47,97.39,22.39,12.03,"2.16",1.00082143956442,4.34970954221931,"no","no"
"SRR9738548",0.22,99.5,99.4,23.03,12.51,"0.26",1.00100603620718,4.31610927850155,"no","no"
"SRR9738549",0.58,98.02,97.84,19.67,9.41,"1.33",1.00183973832952,4.97407198911683,"no","no"
"SRR9738550",0.14,99.51,99.46,21.72,11.05,"0.34",1.00050271465411,4.57918952213676,"no","no"
"SRR9738551",0.34,99.65,99.54,24.56,13.55,"0.01",1.00110508337246,4.05293147178618,"no","no"
"SRR9738552",0.17,99.55,99.47,21.87,11.27,"0.28",1.00080426258365,4.54823943538,"no","no"
"SRR9738553",0.39,99.39,99.3,21.33,10.78,"0.21",1.00090634440175,4.65541473720512,"no","no"
"SRR9738554",0.34,99.64,99.51,22.75,11.84,"0.01",1.00130640135357,4.37406578575535,"no","no"
"SRR9738555",0.32,99.67,99.57,20.97,10.6,"0.01",1.00100431855976,4.74821155230274,"no","no"
"SRR9738556",1.12,98.84,98.23,18.75,8.63,"0.04",1.00620991544121,5.2389331072569,"no","no"
"SRR9738557",0.28,99.7,99.63,19.92,9.23,"0.02",1.00070259961154,5.00150582321758,"no","no"
"SRR9738558",0.3,99.61,99.5,23.1,12.11,"0.09",1.00110552762708,4.30735916418359,"no","no"
"SRR9850824",0.03,99.97,99.96,12.39,6.79,"0",1.00010004001501,8.0677960397259,"no","no"
"SRR9850830",0.03,99.97,99.94,10.66,5.67,"0",1.00030018010506,9.37523373590678,"no","no"
